frame,player_id,conf,x1,y1,x2,y2,cx,cy,width,height
1,1,0.9322,347.51,798.62,497.34,1052.83,422.42,925.73,149.83,254.2
1,2,0.7877,1044.55,158.0,1099.85,288.8,1072.2,223.4,55.31,130.8
2,1,0.9276,347.72,800.57,496.36,1054.03,422.04,927.3,148.64,253.46
2,2,0.741,1047.04,162.71,1102.3,288.7,1074.67,225.71,55.27,126.0
3,1,0.885,347.79,801.25,495.81,1054.36,421.8,927.8,148.02,253.11
3,2,0.7574,1047.12,164.74,1106.25,288.64,1076.69,226.69,59.12,123.91
4,1,0.904,347.73,801.13,495.6,1054.66,421.66,927.89,147.88,253.52
4,2,0.7558,1047.14,165.47,1107.56,288.6,1077.35,227.03,60.42,123.13
5,1,0.9293,347.7,800.87,495.36,1054.54,421.53,927.71,147.66,253.67
5,2,0.7748,1046.22,165.88,1109.05,288.58,1077.63,227.23,62.83,122.7
6,1,0.9302,347.75,800.7,494.77,1054.45,421.26,927.57,147.02,253.75
6,2,0.7745,1044.7,166.57,1110.41,288.69,1077.56,227.63,65.71,122.12
7,1,0.9206,347.74,799.44,494.68,1054.11,421.21,926.78,146.94,254.67
7,2,0.6928,1043.24,167.61,1110.2,288.62,1076.72,228.12,66.96,121.0
8,1,0.914,347.24,795.24,498.09,1053.37,422.66,924.3,150.85,258.13
8,2,0.6609,1041.17,159.78,1108.46,288.77,1074.81,224.28,67.28,128.99
9,1,0.9195,346.98,792.04,500.31,1050.53,423.64,921.28,153.33,258.49
9,2,0.7195,1039.68,150.47,1108.03,289.23,1073.85,219.85,68.35,138.76
10,1,0.9204,346.88,790.83,501.22,1049.52,424.05,920.17,154.35,258.69
10,2,0.7154,1039.13,146.92,1107.83,289.42,1073.48,218.17,68.7,142.51
11,1,0.9125,346.88,788.91,499.77,1046.68,423.33,917.79,152.89,257.77
11,2,0.7446,1038.21,145.9,1107.22,289.51,1072.71,217.71,69.02,143.61
12,1,0.9164,346.79,787.19,499.8,1043.06,423.3,915.12,153.0,255.88
12,2,0.7511,1036.45,146.64,1107.09,289.64,1071.77,218.14,70.64,142.99
13,1,0.9181,346.81,785.81,500.62,1038.92,423.71,912.37,153.81,253.11
13,2,0.7079,1035.24,149.13,1106.04,289.72,1070.64,219.43,70.81,140.59
14,1,0.9234,347.19,785.22,502.19,1036.08,424.69,910.65,155.0,250.86
14,2,0.7586,1034.0,147.92,1104.43,289.69,1069.21,218.8,70.43,141.77
15,1,0.9287,347.19,784.83,505.58,1034.14,426.39,909.49,158.38,249.32
15,2,0.7087,1032.86,148.88,1104.07,289.7,1068.46,219.29,71.21,140.81
16,1,0.9261,347.17,784.81,506.77,1033.47,426.97,909.14,159.6,248.66
16,2,0.6031,1032.54,162.47,1103.55,289.43,1068.04,225.95,71.01,126.96
17,1,0.9264,347.46,786.12,512.65,1032.73,430.05,909.43,165.19,246.61
17,2,0.7372,1032.46,149.92,1103.38,289.43,1067.92,219.68,70.92,139.51
18,1,0.9252,347.68,786.79,516.48,1032.62,432.08,909.7,168.8,245.83
18,2,0.7695,1032.48,148.58,1102.22,289.49,1067.35,219.04,69.74,140.92
19,1,0.9256,347.61,786.63,518.09,1032.65,432.85,909.64,170.48,246.02
19,2,0.7727,1032.1,147.99,1101.2,289.39,1066.65,218.69,69.1,141.4
20,1,0.9305,347.49,785.98,516.61,1031.77,432.05,908.88,169.11,245.79
20,2,0.804,1032.86,167.91,1097.52,289.03,1065.19,228.47,64.66,121.12
21,1,0.9302,348.98,784.72,515.89,1030.1,432.44,907.41,166.92,245.38
21,2,0.8193,1033.87,174.93,1094.46,289.29,1064.17,232.11,60.59,114.36
22,1,0.9301,349.53,784.28,515.6,1029.56,432.56,906.92,166.07,245.28
22,2,0.8171,1034.28,177.34,1093.45,289.4,1063.86,233.37,59.17,112.06
23,1,0.937,351.62,780.94,515.7,1026.82,433.66,903.88,164.08,245.88
23,2,0.7893,1035.33,176.6,1096.8,289.4,1066.06,233.0,61.47,112.8
24,1,0.9335,355.22,777.0,515.59,1025.6,435.4,901.3,160.37,248.59
24,2,0.8159,1037.0,174.79,1100.66,289.31,1068.83,232.05,63.66,114.53
25,1,0.9215,362.56,772.06,516.2,1024.14,439.38,898.1,153.64,252.08
25,2,0.7863,1038.58,171.21,1101.76,288.18,1070.17,229.7,63.18,116.97
26,1,0.9014,385.54,765.23,518.43,1016.61,451.99,890.92,132.89,251.38
26,2,0.6249,1039.52,152.42,1088.41,285.02,1063.96,218.72,48.89,132.61
27,1,0.8986,402.6,761.11,524.45,1011.02,463.52,886.06,121.85,249.92
27,2,0.5482,1037.03,158.48,1082.26,282.59,1059.65,220.54,45.22,124.12
28,1,0.8985,408.04,759.52,526.46,1009.27,467.25,884.4,118.42,249.75
28,2,0.5539,1036.32,161.5,1080.51,281.74,1058.42,221.62,44.19,120.24
29,1,0.8047,415.59,760.2,532.4,1007.38,473.99,883.79,116.82,247.18
29,2,0.5656,1037.03,162.7,1079.64,281.71,1058.33,222.21,42.61,119.01
30,1,0.864,421.34,759.82,544.85,1005.77,483.09,882.79,123.51,245.95
30,2,0.4844,1038.97,163.75,1079.53,281.32,1059.25,222.54,40.56,117.58
31,1,0.8994,432.08,761.02,552.56,1003.28,492.32,882.15,120.48,242.26
31,2,0.4786,1039.35,163.83,1080.23,281.19,1059.79,222.51,40.88,117.36
32,1,0.9207,444.54,766.13,578.58,1007.76,511.56,886.94,134.04,241.63
32,2,0.41,1039.36,166.25,1081.17,284.91,1060.27,225.58,41.81,118.67
33,1,0.9179,449.07,771.37,589.81,1011.35,519.44,891.36,140.74,239.98
33,2,0.3321,1035.64,172.66,1084.77,286.83,1060.2,229.74,49.13,114.17
34,1,0.917,450.55,773.37,594.04,1012.75,522.3,893.06,143.5,239.38
34,2,0.3445,1034.27,174.85,1086.03,287.47,1060.15,231.16,51.76,112.62
35,1,0.9267,450.58,777.48,594.78,1014.82,522.68,896.15,144.2,237.34
35,2,0.2937,1038.55,176.59,1087.99,294.23,1063.27,235.41,49.44,117.64
36,1,0.9208,450.27,781.41,594.92,1015.76,522.6,898.58,144.65,234.35
36,2,0.5096,1040.77,181.08,1090.31,265.32,1065.54,223.2,49.54,84.23
37,1,0.9055,449.32,783.41,594.38,1016.16,521.85,899.78,145.06,232.75
37,2,0.6617,1040.73,184.27,1093.22,289.07,1066.97,236.67,52.49,104.8
38,1,0.9182,451.44,781.56,594.74,1014.56,523.09,898.06,143.3,233.01
38,2,0.2825,1039.56,192.33,1095.53,294.55,1067.54,243.44,55.97,102.22
39,1,0.896,453.75,779.45,595.05,1012.49,524.4,895.97,141.3,233.04
40,1,0.8954,454.48,778.61,594.64,1011.39,524.56,895.0,140.16,232.78
41,1,0.9019,459.43,776.74,598.62,1008.06,529.02,892.4,139.19,231.33
41,2,0.4938,1037.24,198.54,1092.78,297.67,1065.01,248.11,55.55,99.13
42,1,0.9016,460.34,774.21,602.42,1007.2,531.38,890.7,142.08,232.99
42,2,0.3544,1037.01,199.15,1087.48,297.72,1062.24,248.43,50.48,98.58
43,1,0.9016,460.89,775.29,608.85,1008.17,534.87,891.73,147.96,232.88
43,2,0.4076,1036.07,198.83,1081.75,297.9,1058.91,248.36,45.68,99.07
44,1,0.8841,465.18,774.32,617.79,1008.84,541.49,891.58,152.61,234.52
44,2,0.8062,1034.67,196.43,1078.11,298.57,1056.39,247.5,43.44,102.14
45,1,0.9039,468.67,773.72,622.32,1009.14,545.5,891.43,153.65,235.42
45,2,0.8194,1032.7,195.48,1077.03,302.82,1054.86,249.15,44.34,107.35
46,1,0.9169,469.89,773.49,623.9,1009.19,546.9,891.34,154.01,235.69
46,2,0.8201,1032.05,195.04,1076.71,304.31,1054.38,249.67,44.66,109.28
47,1,0.919,470.6,770.06,626.33,1009.74,548.47,889.9,155.73,239.67
47,2,0.7712,1031.3,194.75,1075.34,305.17,1053.32,249.96,44.04,110.42
48,1,0.9296,472.09,768.53,629.11,1010.0,550.6,889.27,157.03,241.47
48,2,0.624,1030.51,195.21,1077.56,304.74,1054.03,249.97,47.05,109.53
49,1,0.9339,473.32,761.69,631.8,1009.69,552.56,885.69,158.48,248.01
49,2,0.7978,1029.63,195.76,1080.67,303.63,1055.15,249.69,51.04,107.86
50,1,0.9332,474.62,751.65,634.95,1006.56,554.79,879.1,160.33,254.92
50,2,0.8405,1029.32,196.25,1082.9,302.73,1056.11,249.49,53.58,106.49
51,1,0.9327,482.69,744.92,635.65,1004.54,559.17,874.73,152.96,259.62
51,2,0.8316,1028.9,195.93,1084.11,303.38,1056.51,249.66,55.21,107.45
52,1,0.9326,485.78,742.13,635.85,1003.67,560.82,872.9,150.08,261.54
52,2,0.8301,1028.85,195.63,1084.69,303.49,1056.77,249.56,55.84,107.86
53,1,0.9099,496.1,738.47,633.55,1006.15,564.82,872.31,137.45,267.68
53,2,0.828,1029.12,193.78,1085.82,304.63,1057.47,249.21,56.7,110.85
54,1,0.9151,510.99,736.62,632.73,1003.45,571.86,870.04,121.74,266.83
54,2,0.8585,1029.75,192.3,1085.83,304.39,1057.79,248.35,56.07,112.09
55,1,0.8916,530.96,735.92,629.28,1002.14,580.12,869.03,98.31,266.23
55,2,0.8431,1030.05,190.71,1086.84,305.27,1058.45,247.99,56.79,114.57
56,1,0.8923,544.21,735.83,636.35,1006.65,590.28,871.24,92.14,270.82
56,2,0.8638,1028.76,190.58,1090.46,306.62,1059.61,248.6,61.71,116.04
57,1,0.8518,550.11,736.19,648.12,1002.2,599.12,869.19,98.0,266.02
57,2,0.8605,1027.76,190.42,1095.02,304.9,1061.39,247.66,67.26,114.48
58,1,0.8576,552.12,736.5,652.05,999.82,602.08,868.16,99.94,263.33
58,2,0.8605,1027.5,190.22,1096.98,304.07,1062.24,247.15,69.48,113.84
59,1,0.8638,553.84,741.04,657.12,996.94,605.48,868.99,103.28,255.9
59,2,0.8297,1026.79,191.0,1098.97,303.51,1062.88,247.26,72.18,112.51
60,1,0.8266,555.26,746.48,659.01,993.15,607.14,869.81,103.75,246.67
60,2,0.8236,1025.3,192.84,1101.77,303.79,1063.53,248.31,76.47,110.95
61,1,0.8213,558.78,748.4,658.75,987.72,608.76,868.06,99.97,239.32
61,2,0.8343,1024.27,195.1,1102.58,303.88,1063.42,249.49,78.3,108.78
62,1,0.7576,563.83,760.74,646.91,986.03,605.37,873.39,83.08,225.3
62,2,0.8415,1023.0,198.82,1102.49,305.23,1062.75,252.02,79.49,106.42
63,1,0.7455,572.3,764.93,657.38,985.83,614.84,875.38,85.08,220.9
63,2,0.8457,1022.6,199.97,1102.12,305.83,1062.36,252.9,79.52,105.86
64,1,0.7568,575.07,766.3,660.84,985.73,617.95,876.01,85.76,219.42
64,2,0.8442,1022.65,200.33,1102.13,305.88,1062.39,253.11,79.47,105.55
65,1,0.7195,579.81,765.55,666.24,985.27,623.02,875.41,86.43,219.72
65,2,0.8269,1023.52,199.98,1101.65,306.93,1062.58,253.45,78.13,106.95
66,1,0.8085,583.37,763.44,670.07,990.27,626.72,876.85,86.7,226.83
66,2,0.8433,1027.11,199.31,1100.59,307.01,1063.85,253.16,73.48,107.7
67,1,0.8408,586.08,763.36,672.98,998.58,629.53,880.97,86.89,235.22
67,2,0.5811,1040.15,199.01,1100.8,306.7,1070.48,252.86,60.65,107.68
68,1,0.8797,589.8,765.76,672.58,1005.45,631.19,885.61,82.78,239.7
68,2,0.6316,1054.92,196.6,1100.82,303.24,1077.87,249.92,45.9,106.64
69,1,0.8809,591.36,768.1,675.36,1008.25,633.36,888.18,84.0,240.15
69,2,0.7691,1063.93,195.84,1103.55,302.15,1083.74,249.0,39.62,106.31
70,1,0.8782,592.02,768.79,676.73,1009.31,634.38,889.05,84.7,240.52
70,2,0.7657,1066.48,195.27,1104.4,301.75,1085.44,248.51,37.91,106.48
71,1,0.9242,591.89,772.15,677.29,1012.08,634.59,892.11,85.4,239.93
71,2,0.7792,1069.09,195.42,1106.2,304.09,1087.64,249.75,37.11,108.68
72,1,0.9094,591.36,774.6,693.06,1013.27,642.21,893.93,101.7,238.67
72,2,0.7881,1071.25,196.64,1114.03,305.76,1092.64,251.2,42.78,109.12
73,1,0.9221,591.12,776.62,706.26,1013.64,648.69,895.13,115.14,237.02
73,2,0.6524,1072.94,197.11,1120.43,307.64,1096.69,252.38,47.49,110.53
74,1,0.9223,591.76,779.18,710.3,1015.06,651.03,897.12,118.54,235.88
74,2,0.7012,1076.95,198.09,1121.91,306.65,1099.43,252.37,44.96,108.56
75,1,0.9168,597.1,779.34,711.82,1015.54,654.46,897.44,114.72,236.19
75,2,0.7471,1078.54,197.65,1123.79,307.19,1101.16,252.42,45.25,109.54
76,1,0.9171,599.23,779.3,712.34,1015.71,655.79,897.5,113.1,236.41
76,2,0.741,1079.2,197.4,1124.57,307.43,1101.88,252.41,45.37,110.03
77,1,0.909,609.46,778.71,712.28,1015.59,660.87,897.15,102.82,236.87
77,2,0.7171,1078.85,197.68,1124.96,307.37,1101.9,252.52,46.11,109.69
78,1,0.9199,623.76,779.15,717.66,1015.75,670.71,897.45,93.9,236.6
78,2,0.701,1078.51,197.73,1125.27,307.74,1101.89,252.73,46.76,110.01
79,1,0.9215,636.39,780.49,723.24,1019.3,679.82,899.9,86.85,238.81
79,2,0.7736,1076.99,197.05,1124.86,307.97,1100.92,252.51,47.88,110.93
80,1,0.9117,649.31,785.88,753.18,1029.54,701.25,907.71,103.87,243.66
80,2,0.7419,1076.03,192.05,1122.66,302.99,1099.35,247.52,46.63,110.95
81,1,0.9167,657.04,790.69,772.27,1038.39,714.65,914.54,115.23,247.7
81,2,0.7682,1075.04,184.55,1120.13,301.04,1097.58,242.79,45.09,116.49
82,1,0.9166,660.18,792.44,779.89,1041.64,720.04,917.04,119.72,249.19
82,2,0.769,1074.73,181.79,1119.13,300.26,1096.93,241.03,44.4,118.47
83,1,0.9033,664.88,796.16,784.22,1045.98,724.55,921.07,119.35,249.81
83,2,0.7808,1073.36,180.93,1117.47,299.62,1095.42,240.27,44.11,118.69
84,1,0.8818,668.92,800.2,791.66,1051.32,730.29,925.76,122.74,251.12
84,2,0.7152,1072.11,182.58,1114.86,297.83,1093.49,240.2,42.74,115.25
85,1,0.9062,670.81,803.18,802.63,1060.24,736.72,931.71,131.81,257.06
85,2,0.7564,1069.7,183.62,1112.24,296.9,1090.97,240.26,42.54,113.27
86,1,0.9204,674.09,807.24,801.97,1068.66,738.03,937.95,127.88,261.43
86,2,0.7233,1067.84,183.18,1110.97,295.88,1089.4,239.53,43.14,112.7
87,1,0.9279,679.31,808.77,801.37,1071.9,740.34,940.33,122.06,263.13
87,2,0.7032,1065.84,177.68,1111.98,295.61,1088.91,236.65,46.14,117.93
88,1,0.9284,681.09,809.24,800.81,1073.0,740.95,941.12,119.72,263.75
88,2,0.7017,1065.12,175.65,1112.38,295.53,1088.75,235.59,47.26,119.88
89,1,0.9173,685.59,808.68,801.53,1073.03,743.56,940.85,115.94,264.35
89,2,0.4334,1061.94,181.3,1108.95,295.73,1085.44,238.51,47.01,114.43
90,1,0.9236,690.69,808.02,803.46,1072.57,747.07,940.3,112.77,264.56
90,2,0.3589,1058.57,186.4,1113.04,295.88,1085.8,241.14,54.47,109.48
91,1,0.9147,694.59,807.67,807.18,1072.48,750.89,940.07,112.59,264.81
91,2,0.7333,1056.62,187.42,1102.4,296.02,1079.51,241.72,45.78,108.6
92,1,0.9115,697.39,811.12,818.84,1076.44,758.11,943.78,121.45,265.32
92,2,0.7661,1054.32,181.42,1095.73,296.02,1075.02,238.72,41.4,114.6
93,1,0.9242,698.16,815.27,827.75,1078.01,762.95,946.64,129.6,262.74
93,2,0.789,1050.87,179.39,1093.41,296.0,1072.14,237.69,42.54,116.61
94,1,0.9238,698.39,816.77,831.25,1078.52,764.82,947.65,132.86,261.75
94,2,0.7859,1049.71,178.65,1092.68,295.98,1071.19,237.32,42.97,117.33
95,1,0.9138,697.81,821.49,837.23,1079.45,767.52,950.47,139.42,257.96
95,2,0.7793,1045.56,178.49,1091.65,295.48,1068.6,236.99,46.09,116.98
96,1,0.9055,697.56,828.36,840.45,1080.0,769.0,954.18,142.9,251.64
96,2,0.6041,1040.24,179.07,1087.58,293.18,1063.91,236.12,47.33,114.11
97,1,0.9039,700.08,837.47,843.48,1080.0,771.78,958.73,143.4,242.53
97,2,0.6858,1036.0,178.5,1085.24,293.53,1060.62,236.02,49.24,115.03
98,1,0.9012,709.2,853.83,846.9,1080.0,778.05,966.91,137.71,226.17
98,2,0.4799,1033.82,176.31,1075.49,290.05,1054.65,233.18,41.66,113.74
99,1,0.909,715.55,864.5,848.9,1080.0,782.22,972.25,133.35,215.5
99,2,0.6144,1031.77,175.13,1068.59,288.8,1050.18,231.96,36.82,113.67
100,1,0.9097,717.76,868.06,849.19,1080.0,783.48,974.03,131.42,211.94
100,2,0.6059,1031.15,174.74,1066.32,288.35,1048.73,231.54,35.17,113.62
101,1,0.9052,718.76,871.17,848.75,1080.0,783.76,975.58,129.99,208.83
101,2,0.543,1029.12,170.05,1062.31,288.03,1045.72,229.04,33.19,117.98
102,1,0.8983,716.38,871.64,846.54,1079.88,781.46,975.76,130.16,208.24
102,2,0.6599,1025.69,167.36,1058.71,287.49,1042.2,227.42,33.02,120.13
103,1,0.8957,713.89,870.22,843.33,1079.65,778.61,974.93,129.44,209.43
103,2,0.7181,1022.06,166.31,1057.03,287.71,1039.54,227.01,34.97,121.4
104,1,0.817,706.31,866.87,837.04,1079.34,771.67,973.11,130.74,212.47
104,2,0.337,1014.17,166.76,1056.13,287.88,1035.15,227.32,41.96,121.12
105,1,0.9132,701.99,865.81,834.03,1079.78,768.01,972.79,132.04,213.97
105,2,0.6759,995.94,166.54,1053.74,287.66,1024.84,227.1,57.8,121.12
106,1,0.9132,700.38,865.28,832.86,1079.9,766.62,972.59,132.48,214.63
106,2,0.6882,988.63,166.42,1052.88,287.54,1020.75,226.98,64.25,121.12
107,1,0.891,696.99,865.36,834.81,1079.7,765.9,972.53,137.82,214.34
107,2,0.7455,985.55,167.05,1051.73,287.16,1018.64,227.11,66.18,120.1
108,1,0.9129,693.87,866.85,832.96,1079.15,763.42,973.0,139.09,212.3
108,2,0.7743,984.8,168.57,1048.7,286.91,1016.75,227.74,63.9,118.33
109,1,0.8963,690.26,867.59,829.84,1078.84,760.05,973.22,139.58,211.24
109,2,0.7695,982.63,169.44,1046.24,286.54,1014.43,227.99,63.61,117.11
110,1,0.8877,668.68,869.06,823.64,1078.44,746.16,973.75,154.96,209.38
110,2,0.821,974.76,172.45,1045.38,286.53,1010.07,229.49,70.62,114.08
111,1,0.9052,660.55,868.71,820.11,1078.24,740.33,973.48,159.55,209.53
111,2,0.8455,968.85,175.56,1046.74,287.23,1007.8,231.39,77.89,111.67
112,1,0.9054,657.39,868.39,818.77,1078.08,738.08,973.24,161.37,209.69
112,2,0.8435,966.56,176.64,1047.42,287.42,1006.99,232.03,80.86,110.79
113,1,0.8907,656.25,865.41,809.75,1078.12,733.0,971.77,153.51,212.71
113,2,0.8201,964.66,178.84,1046.25,287.73,1005.45,233.28,81.59,108.89
114,1,0.8663,654.51,861.26,798.04,1078.3,726.28,969.78,143.53,217.05
114,2,0.8075,963.32,179.41,1045.22,287.34,1004.27,233.37,81.89,107.93
115,1,0.8066,666.24,854.38,787.92,1078.56,727.08,966.47,121.68,224.18
115,2,0.798,963.17,179.26,1043.11,286.86,1003.14,233.06,79.94,107.6
116,1,0.8886,676.04,841.22,773.8,1078.78,724.92,960.0,97.76,237.56
116,2,0.8236,963.18,178.23,1038.33,287.67,1000.76,232.95,75.15,109.44
117,1,0.8733,678.73,831.08,771.8,1078.37,725.27,954.72,93.08,247.29
117,2,0.8122,962.83,177.78,1033.35,287.85,998.09,232.81,70.52,110.06
118,1,0.8736,679.54,827.01,771.4,1078.07,725.47,952.54,91.85,251.06
118,2,0.8143,962.9,177.39,1031.61,287.77,997.25,232.58,68.72,110.38
119,1,0.9051,674.29,821.25,770.61,1076.87,722.45,949.06,96.33,255.62
119,2,0.814,962.54,176.48,1027.23,287.28,994.89,231.88,64.69,110.8
120,1,0.891,665.74,817.31,771.05,1070.41,718.4,943.86,105.31,253.1
120,2,0.8434,962.02,174.66,1022.44,287.37,992.23,231.02,60.41,112.71
121,1,0.8764,664.68,813.28,770.9,1058.56,717.79,935.92,106.22,245.28
121,2,0.8464,960.76,173.58,1018.91,287.27,989.83,230.42,58.16,113.69
122,1,0.9139,656.86,806.83,776.13,1039.99,716.49,923.41,119.26,233.16
122,2,0.8378,956.37,173.03,1012.7,287.46,984.53,230.24,56.33,114.43
123,1,0.9172,654.24,802.86,780.39,1028.37,717.32,915.61,126.15,225.51
123,2,0.8588,952.66,173.56,1010.67,287.83,981.67,230.69,58.01,114.27
124,1,0.9033,653.46,801.45,782.24,1024.18,717.85,912.82,128.78,222.73
124,2,0.8589,951.43,173.76,1010.05,287.93,980.74,230.84,58.62,114.18
125,1,0.9211,653.5,800.07,783.54,1023.37,718.52,911.72,130.03,223.31
125,2,0.8511,949.27,176.06,1008.48,291.68,978.88,233.87,59.21,115.62
126,1,0.9239,653.36,798.15,785.82,1022.78,719.59,910.47,132.46,224.63
126,2,0.8499,948.22,177.83,1008.11,293.46,978.16,235.65,59.89,115.64
127,1,0.9178,653.14,794.28,785.44,1022.83,719.29,908.55,132.3,228.55
127,2,0.8557,947.56,180.11,1007.65,294.53,977.6,237.32,60.09,114.42
128,1,0.9141,651.02,788.19,774.82,1023.96,712.92,906.07,123.79,235.77
128,2,0.8604,947.28,182.61,1006.0,295.65,976.64,239.13,58.72,113.04
129,1,0.9129,650.35,784.36,770.12,1024.29,710.23,904.33,119.77,239.93
129,2,0.8539,947.36,183.23,1004.92,296.53,976.14,239.88,57.56,113.3
130,1,0.913,650.24,782.8,768.5,1024.14,709.37,903.47,118.25,241.35
130,2,0.8532,947.43,183.33,1004.58,296.69,976.0,240.01,57.15,113.36
131,1,0.8973,650.18,781.58,767.9,1024.02,709.04,902.8,117.72,242.44
131,2,0.8625,947.81,182.17,1004.77,297.13,976.29,239.65,56.97,114.96
132,1,0.8856,652.12,775.58,768.61,1022.29,710.37,898.94,116.49,246.72
132,2,0.8634,948.48,181.21,1005.43,297.98,976.95,239.6,56.94,116.76
133,1,0.8773,665.19,775.56,769.04,1020.38,717.12,897.97,103.85,244.83
133,2,0.8594,949.45,179.21,1005.32,298.11,977.39,238.66,55.87,118.9
134,1,0.7999,678.18,771.19,770.02,1012.06,724.1,891.63,91.84,240.87
134,2,0.8564,951.02,177.72,1006.94,299.32,978.98,238.52,55.92,121.6
135,1,0.8082,685.96,767.02,770.58,995.0,728.27,881.01,84.62,227.98
135,2,0.8573,951.78,177.1,1007.57,299.53,979.67,238.32,55.79,122.42
136,1,0.809,688.61,765.38,770.88,988.39,729.74,876.88,82.27,223.01
136,2,0.8548,952.07,176.81,1007.81,299.47,979.94,238.14,55.74,122.66
137,1,0.8749,691.17,763.24,771.47,975.29,731.32,869.26,80.3,212.05
137,2,0.8618,951.52,176.99,1008.65,299.66,980.09,238.33,57.14,122.67
138,1,0.3659,688.76,758.66,773.14,973.78,730.95,866.22,84.38,215.12
138,2,0.8505,951.19,178.07,1011.71,300.3,981.45,239.19,60.52,122.22
139,1,0.8253,695.58,757.73,775.43,966.44,735.5,862.08,79.86,208.71
139,2,0.8515,949.77,180.61,1014.75,301.44,982.26,241.02,64.98,120.83
140,1,0.7619,691.88,746.06,777.53,963.48,734.7,854.77,85.66,217.42
140,2,0.8138,947.61,187.21,1020.59,305.59,984.1,246.4,72.99,118.38
141,1,0.7956,692.03,738.53,797.68,962.73,744.86,850.63,105.66,224.2
141,2,0.8202,946.33,192.44,1024.14,307.2,985.23,249.82,77.8,114.77
142,1,0.7841,692.34,735.39,805.67,962.09,749.01,848.74,113.34,226.71
142,2,0.8189,945.94,194.1,1025.82,307.59,985.88,250.84,79.88,113.49
143,1,0.8794,694.16,729.06,812.49,961.52,753.32,845.29,118.33,232.46
143,2,0.8345,945.64,197.67,1027.26,308.6,986.45,253.14,81.62,110.93
144,1,0.903,696.3,723.9,817.85,958.72,757.08,841.31,121.55,234.82
144,2,0.8308,945.27,200.84,1028.19,309.39,986.73,255.11,82.93,108.55
145,1,0.899,700.48,719.01,820.96,952.71,760.72,835.86,120.48,233.71
145,2,0.8257,944.16,204.05,1028.19,309.94,986.18,257.0,84.03,105.89
146,1,0.9196,683.63,713.22,824.46,938.03,754.04,825.63,140.83,224.81
146,2,0.8497,943.64,204.72,1029.11,310.62,986.37,257.67,85.47,105.91
147,1,0.9096,675.87,707.31,819.52,926.3,747.7,816.8,143.65,218.99
147,2,0.8511,945.82,204.75,1028.98,311.28,987.4,258.02,83.17,106.54
148,1,0.91,672.77,705.08,817.43,921.83,745.1,813.46,144.65,216.75
148,2,0.85,946.81,204.71,1028.94,311.49,987.88,258.1,82.13,106.78
149,1,0.9159,670.87,701.75,808.48,920.75,739.68,811.25,137.61,219.0
149,2,0.8505,952.04,203.9,1029.92,312.41,990.98,258.16,77.89,108.51
150,1,0.8652,680.53,697.71,809.54,920.11,745.04,808.91,129.01,222.4
150,2,0.7648,963.52,203.23,1033.01,312.16,998.26,257.7,69.49,108.93
151,1,0.8121,692.92,691.69,814.75,917.43,753.83,804.56,121.83,225.74
151,2,0.8552,976.04,202.68,1036.92,312.28,1006.48,257.48,60.87,109.6
152,1,0.9029,698.53,681.01,816.64,910.8,757.58,795.9,118.12,229.79
152,2,0.8554,993.56,202.75,1044.48,313.94,1019.02,258.35,50.91,111.18
153,1,0.9035,703.76,673.58,819.32,904.47,761.54,789.02,115.56,230.89
153,2,0.3417,1004.19,203.06,1053.75,316.48,1028.97,259.77,49.56,113.43
154,1,0.9015,705.8,670.81,820.31,901.91,763.05,786.36,114.52,231.09
154,2,0.5778,1007.39,203.21,1056.48,317.7,1031.93,260.45,49.09,114.49
155,1,0.8959,709.91,665.96,828.35,898.13,769.13,782.04,118.43,232.17
155,2,0.851,1009.7,204.63,1065.76,315.7,1037.73,260.16,56.06,111.07
156,1,0.9115,717.13,662.05,835.23,890.42,776.18,776.23,118.1,228.37
156,2,0.8535,1013.9,205.13,1075.03,315.16,1044.47,260.15,61.13,110.03
157,1,0.923,724.52,657.4,840.19,883.19,782.36,770.29,115.67,225.79
157,2,0.8543,1015.53,205.68,1084.32,315.24,1049.93,260.46,68.8,109.56
158,1,0.9007,742.03,650.02,848.96,877.61,795.49,763.81,106.94,227.59
158,2,0.8402,1018.47,204.75,1091.12,315.07,1054.8,259.91,72.65,110.31
159,1,0.9082,750.39,643.7,855.27,872.8,802.83,758.25,104.88,229.1
159,2,0.8488,1023.33,204.05,1095.1,314.76,1059.22,259.41,71.77,110.72
160,1,0.9087,753.28,641.28,857.47,870.83,805.37,756.06,104.18,229.55
160,2,0.8485,1025.07,203.79,1096.41,314.53,1060.74,259.16,71.33,110.74
161,1,0.9047,760.0,637.2,859.88,867.38,809.94,752.29,99.88,230.18
161,2,0.7548,1034.95,203.11,1096.58,313.26,1065.76,258.19,61.63,110.15
162,1,0.9038,764.76,632.39,863.94,865.93,814.35,749.16,99.18,233.54
162,2,0.7926,1042.82,203.17,1096.52,313.02,1069.67,258.09,53.69,109.85
163,1,0.9223,770.86,628.47,868.44,866.67,819.65,747.57,97.58,238.2
163,2,0.8225,1047.02,199.96,1099.56,313.98,1073.29,256.97,52.54,114.02
164,1,0.8839,780.81,625.47,876.3,849.82,828.56,737.65,95.49,224.34
164,2,0.682,1047.81,201.19,1109.57,313.19,1078.69,257.19,61.76,112.0
165,1,0.8953,788.08,623.52,882.55,834.39,835.31,728.96,94.47,210.87
165,2,0.3115,1047.8,201.46,1114.88,312.33,1081.34,256.89,67.08,110.86
166,1,0.8943,790.61,622.74,884.72,828.68,837.67,725.71,94.11,205.95
166,2,0.3578,1047.55,201.4,1116.83,311.67,1082.19,256.53,69.27,110.27
167,1,0.8793,796.0,623.15,887.41,827.86,841.7,725.5,91.41,204.71
167,2,0.5009,1064.08,201.83,1121.69,313.43,1092.89,257.63,57.61,111.6
168,1,0.7895,802.25,621.38,891.11,830.87,846.68,726.13,88.85,209.5
168,2,0.6681,1073.84,202.08,1128.15,314.81,1100.99,258.45,54.32,112.73
169,1,0.8894,809.09,617.21,895.14,828.51,852.11,722.86,86.05,211.3
169,2,0.5718,1078.59,203.11,1136.34,316.5,1107.47,259.81,57.75,113.38
170,1,0.8989,816.32,611.04,900.32,821.0,858.32,716.02,84.0,209.95
170,2,0.7624,1090.4,201.42,1141.96,319.02,1116.18,260.22,51.55,117.6
171,1,0.9041,825.17,605.88,909.26,816.21,867.22,711.04,84.08,210.33
171,2,0.8022,1098.15,202.32,1148.75,321.49,1123.45,261.91,50.6,119.17
172,1,0.9044,828.2,603.77,912.39,814.2,870.3,708.99,84.2,210.43
172,2,0.7996,1100.65,202.52,1150.9,322.11,1125.78,262.31,50.25,119.59
173,1,0.9176,831.99,603.05,916.74,809.92,874.36,706.49,84.75,206.86
173,2,0.8226,1101.34,203.1,1154.26,322.81,1127.8,262.95,52.93,119.71
174,1,0.9275,835.32,602.28,923.54,805.65,879.43,703.96,88.22,203.37
174,2,0.7121,1104.89,208.58,1158.4,322.52,1131.64,265.55,53.51,113.94
175,1,0.8927,839.88,601.98,926.15,800.92,883.02,701.45,86.27,198.94
175,2,0.4865,1108.23,208.77,1159.92,322.27,1134.07,265.52,51.7,113.5
176,2,0.752,1103.52,200.15,1160.91,317.48,1132.21,258.82,57.39,117.33
177,2,0.7027,1104.99,193.78,1162.13,314.72,1133.56,254.25,57.14,120.94
177,1,0.8873,853.48,598.09,933.1,801.3,893.29,699.7,79.62,203.2
178,2,0.7251,1105.56,191.05,1162.31,313.46,1133.94,252.25,56.74,122.41
178,1,0.8871,855.71,596.92,933.96,801.34,894.83,699.13,78.25,204.42
179,2,0.7574,1113.28,189.44,1165.41,314.94,1139.35,252.19,52.13,125.5
179,1,0.8784,857.47,596.67,934.98,799.01,896.23,697.84,77.5,202.35
180,2,0.7313,1118.86,188.82,1167.15,311.3,1143.01,250.06,48.29,122.48
180,1,0.8944,858.89,594.19,933.47,795.34,896.18,694.77,74.58,201.15
181,2,0.75,1122.23,189.96,1169.44,313.83,1145.84,251.9,47.22,123.87
181,1,0.91,858.81,592.23,935.38,791.64,897.1,691.93,76.57,199.41
182,2,0.7604,1128.16,187.89,1179.63,315.05,1153.89,251.47,51.47,127.15
182,1,0.545,858.54,590.48,943.24,785.66,900.89,688.07,84.7,195.19
183,2,0.7806,1133.2,186.86,1186.12,314.66,1159.66,250.76,52.92,127.8
183,1,0.9052,856.01,589.46,961.97,785.93,908.99,687.69,105.96,196.47
184,2,0.7834,1134.81,186.43,1188.37,314.39,1161.59,250.41,53.57,127.96
184,1,0.906,855.0,589.06,969.12,786.08,912.06,687.57,114.11,197.01
185,2,0.8012,1139.18,186.17,1192.8,314.8,1165.99,250.48,53.63,128.63
185,1,0.9131,853.32,590.38,975.74,784.02,914.53,687.2,122.42,193.64
186,2,0.827,1143.19,185.68,1197.15,315.19,1170.17,250.44,53.96,129.51
186,1,0.9215,852.39,594.84,984.22,782.07,918.3,688.45,131.83,187.23
187,2,0.8113,1145.68,184.27,1201.75,315.19,1173.71,249.73,56.07,130.92
187,1,0.9166,851.96,598.07,989.67,782.62,920.81,690.34,137.71,184.56
188,2,0.8314,1149.34,180.65,1208.61,314.52,1178.97,247.58,59.28,133.87
188,1,0.9262,849.78,603.3,991.88,781.62,920.83,692.46,142.1,178.32
189,2,0.7998,1150.77,185.87,1212.24,314.14,1181.51,250.0,61.46,128.28
189,1,0.9244,849.05,604.69,992.09,780.88,920.57,692.79,143.05,176.19
190,2,0.7988,1150.92,187.87,1213.21,314.03,1182.06,250.95,62.29,126.16
190,1,0.9249,848.43,605.2,991.74,780.68,920.08,692.94,143.31,175.48
191,2,0.7971,1151.82,188.31,1214.65,314.05,1183.24,251.18,62.83,125.74
191,1,0.8908,850.08,603.37,992.11,779.75,921.09,691.56,142.03,176.38
192,2,0.7745,1153.22,189.47,1215.93,313.44,1184.58,251.46,62.71,123.97
192,1,0.8757,851.84,600.22,990.11,776.14,920.97,688.18,138.26,175.92
193,2,0.8224,1154.78,188.0,1217.39,313.39,1186.08,250.7,62.61,125.39
193,1,0.7312,851.04,595.32,985.71,773.07,918.37,684.19,134.67,177.75
194,2,0.7655,1162.97,186.69,1219.93,313.13,1191.45,249.91,56.96,126.44
194,1,0.8845,852.33,587.89,979.94,771.19,916.14,679.54,127.61,183.3
195,2,0.769,1168.71,185.57,1220.5,312.8,1194.6,249.19,51.79,127.23
195,1,0.9091,851.33,581.94,974.38,770.45,912.85,676.2,123.04,188.51
196,2,0.7646,1170.28,185.14,1220.36,312.68,1195.32,248.91,50.08,127.54
196,1,0.9088,850.78,579.8,971.92,770.16,911.35,674.98,121.14,190.36
197,2,0.6279,1174.62,182.57,1223.36,311.36,1198.99,246.96,48.75,128.78
197,1,0.8731,849.5,576.55,966.05,770.08,907.78,673.32,116.55,193.53
198,2,0.7228,1180.28,175.34,1224.57,310.09,1202.43,242.72,44.29,134.75
198,1,0.8956,848.57,572.7,957.68,770.06,903.12,671.38,109.11,197.36
199,2,0.7049,1183.41,172.57,1226.4,308.88,1204.91,240.73,42.99,136.31
199,1,0.9012,848.89,569.9,952.13,769.89,900.51,669.9,103.24,200.0
200,2,0.732,1187.08,173.13,1229.43,305.81,1208.25,239.47,42.35,132.68
200,1,0.9113,852.52,565.02,939.8,769.94,896.16,667.48,87.28,204.92
201,2,0.7591,1187.96,172.7,1230.86,304.86,1209.41,238.78,42.9,132.16
201,1,0.8181,855.89,561.33,929.94,769.87,892.91,665.6,74.05,208.54
202,2,0.7579,1187.95,172.57,1231.18,304.57,1209.57,238.57,43.22,132.01
202,1,0.8194,856.83,560.02,926.94,769.88,891.88,664.95,70.11,209.86
203,2,0.7476,1188.77,172.86,1233.04,303.97,1210.9,238.41,44.27,131.11
203,1,0.8671,857.42,558.04,925.87,770.67,891.65,664.36,68.45,212.63
204,2,0.7102,1190.27,172.66,1233.73,303.83,1212.0,238.24,43.45,131.17
204,1,0.8889,858.57,556.56,926.71,770.83,892.64,663.7,68.15,214.27
205,2,0.7314,1193.98,173.05,1241.69,303.25,1217.83,238.15,47.7,130.21
205,1,0.8775,859.22,554.23,928.94,770.64,894.08,662.44,69.72,216.41
206,2,0.6551,1195.57,174.18,1246.68,302.84,1221.12,238.51,51.11,128.66
206,1,0.8698,858.7,553.03,929.99,770.34,894.34,661.69,71.29,217.31
207,2,0.7791,1198.74,175.03,1248.98,301.86,1223.86,238.44,50.25,126.84
207,1,0.8774,861.35,550.42,930.32,769.6,895.83,660.01,68.96,219.17
208,2,0.7768,1199.72,175.67,1249.63,301.9,1224.67,238.78,49.91,126.23
208,1,0.8774,862.11,549.74,930.38,769.59,896.25,659.66,68.27,219.85
209,2,0.8042,1200.75,175.65,1250.4,301.62,1225.57,238.63,49.65,125.98
209,1,0.8455,862.49,548.65,930.57,768.49,896.53,658.57,68.08,219.84
210,2,0.818,1200.59,175.24,1250.86,301.58,1225.73,238.41,50.27,126.35
210,1,0.7665,856.55,547.82,930.29,768.43,893.42,658.13,73.74,220.61
211,2,0.7721,1201.26,174.46,1251.0,301.29,1226.13,237.88,49.74,126.83
211,1,0.8903,857.83,546.28,931.04,766.87,894.44,656.57,73.21,220.58
212,2,0.7974,1202.83,172.98,1251.44,301.01,1227.13,236.99,48.61,128.03
212,1,0.3721,859.42,545.35,931.28,765.57,895.35,655.46,71.87,220.21
213,2,0.6527,1206.64,172.91,1252.0,299.15,1229.32,236.03,45.36,126.25
213,1,0.8802,861.96,545.12,930.78,763.5,896.37,654.31,68.83,218.38
214,2,0.6299,1208.11,173.11,1252.08,298.67,1230.09,235.89,43.97,125.56
214,1,0.8809,862.85,545.35,930.59,763.08,896.72,654.22,67.74,217.73
215,2,0.6475,1212.27,171.46,1253.26,297.06,1232.76,234.26,40.99,125.6
215,1,0.8966,863.36,545.35,930.28,761.4,896.82,653.38,66.91,216.06
216,2,0.6833,1216.69,171.1,1253.81,296.99,1235.25,234.04,37.12,125.89
216,1,0.8947,862.99,545.35,929.88,759.84,896.44,652.59,66.88,214.49
217,2,0.6487,1219.38,170.37,1256.7,296.63,1238.04,233.5,37.32,126.26
217,1,0.9002,862.47,545.37,929.95,758.98,896.21,652.18,67.47,213.61
218,2,0.6299,1222.56,169.68,1259.54,296.43,1241.05,233.06,36.98,126.75
218,1,0.9001,862.1,545.37,930.11,758.0,896.1,651.68,68.0,212.63
219,2,0.7322,1226.8,171.39,1266.5,295.46,1246.65,233.43,39.69,124.07
219,1,0.8946,860.95,544.99,930.06,757.69,895.5,651.34,69.11,212.69
220,2,0.732,1228.3,171.98,1268.98,295.1,1248.64,233.54,40.69,123.12
220,1,0.8941,860.5,544.9,930.03,757.61,895.26,651.26,69.53,212.71
221,2,0.7359,1228.67,171.59,1269.67,294.9,1249.17,233.24,41.0,123.31
221,1,0.9003,859.11,544.67,931.4,757.62,895.25,651.15,72.29,212.95
222,2,0.7497,1229.19,171.48,1270.33,294.92,1249.76,233.2,41.14,123.44
222,1,0.8963,858.4,544.97,932.8,757.66,895.6,651.32,74.4,212.69
223,2,0.7029,1229.54,171.02,1271.61,294.27,1250.57,232.64,42.07,123.25
223,1,0.9129,855.05,545.17,934.83,757.94,894.94,651.55,79.78,212.77
224,2,0.7207,1229.52,168.59,1272.88,294.29,1251.2,231.44,43.36,125.69
224,1,0.9109,853.48,545.16,935.65,758.28,894.56,651.72,82.17,213.12
